{
	"i":  "I",
	"i'm":  "I'm",
	"i'll":  "I'll",
	"i've":  "I've",
	"jfk":  "JFK",
	"bbc":  "BBC",
	"Bbc":  "BBC",

	"__Calendar__": "",
	"sunday":  "Sunday",
	"monday":  "Monday",
	"tuesday":  "Tuesday",
	"wednesday":  "Wednesday",
	"thursday":  "Thursday",
	"friday":  "Friday",
	"saturday":  "Saturday",
	"january":  "January",
	"february":  "February",
	"XmarchX":  "March",
	"april":  "April",
	"XmayX":  "XMayX",
	"june":  "June",
	"july":  "July",
	"august":  "August",
	"september":  "September",
	"october":  "October",
	"november":  "November",
	"december":  "December",
	"a m": "AM",
	"p m": "PM",
	"a, m": "AM",
	"p, m": "PM",

	"__countries & regions__": "",
	"the european union":  "the European Union",
	"eu":  "EU",
	"europe":  "Europe",
	"european":  "European",
	"gb":  "GB",
	"great britain":  "Great Britain",
	"england":  "England",
	"britain":  "Britain",
	"britain's":  "Britain's",
	"british":  "British",
	"france":  "France",
	"french":  "French",
	"germany":  "Germany",
	"german":  "German",
	"afghanistan":  "Afghanistan",
	"bangladesh":  "Bangladesh",
	"china":  "China",
	"china's":  "China's",
	"chinese":  "Chinese",
	"russia":  "Russia",
	"russia's":  "Russia's",
	"russian":  "Russian",
	"siberia":  "Siberia",
	"egypt":  "Egypt",
	"egypt's":  "Egypt's",
	"egyptian":  "Egyptian",
	"egyptians":  "Egyptians",
	"syria":  "Syria",
	"syrian":  "Syrian",
	"iran":  "Iran",
	"iraq":  "Iraq",
	"ireland":  "Ireland",
	"irish":  "Irish",
	"northern ireland":  "Northern Ireland",
	"northern irish":  "Northern Irish",
	"turkish":  "Turkish",
	"north korea":  "North Korea",
	"North korea":  "North Korea",
	"north korean":  "North Korean",
	"North korean":  "North Korean",
	"south korea":  "South Korea",
	"South korea":  "South Korea",
	"south korean":  "South Korean",
	"South korean":  "South Korean",
	"koreas":  "Koreas",
	"new zealand":  "New Zealand",
	"australia":  "Australia",
	"australian":  "Australian",
	"philippines":  "Philippines",
	"philippine":  "Philippine",
	"australian":  "Australian",
	"uk":  "UK",
	"u k":  "UK",
	"u. K":  "UK",
	"united states":  "United States",
	"u s":  "US",
	"canada":  "Canada",
	"canada's": "Canada's",
	"canadian":  "Canadian",

	"__points of interest__":  "",
	"mount everest":  "Mount Everest",

	"__regligious affiliations__": "",
	"islamist":  "Islamist",

	"__news topics__": "",
	"brexit":  "Brexit",

	"__organizations__": "",
	"fbi":  "FBI",
	"international olympic committee":  "International Olympic Committee",
	"the u n":  "the UN",
	"the united nations":  "the United Nations",
	"i s":  "IS",
	"islamic state":  "Islamic State",

	"__custom__":  "",
	"them jim resorts":  "MGM Resorts"
}
